Director,Actor/Actress,Movies
Adam McKay,Steve Carell,"['The Big Short', 'Anchorman: The Legend of Ron Burgundy', 'Vice', 'Anchorman 2: The Legend Continues']"
Adam McKay,Will Ferrell,"['Step Brothers', 'Talladega Nights: The Ballad of Ricky Bobby', 'The Other Guys', 'Anchorman: The Legend of Ron Burgundy', 'Anchorman 2: The Legend Continues']"
Adil El Arbi,Bilall Fallah,"['Bad Boys: Ride or Die', 'Bad Boys for Life', 'Batgirl', 'Rebel']"
Akira Kurosawa,Takashi Shimura,"['Shichinin no samurai', 'Rashômon', 'Ikiru', 'Kumonosu-jô']"
Akira Kurosawa,Tatsuya Nakadai,"['Ran', 'Tengoku to jigoku', 'Yôjinbô', 'Kagemusha']"
Akira Kurosawa,Toshirô Mifune,"['Shichinin no samurai', 'Rashômon', 'Tengoku to jigoku', 'Yôjinbô', 'Kakushi-toride no san-akunin', 'Kumonosu-jô']"
Akiva Schaffer,Andy Samberg,"['Hot Rod', 'Popstar: Never Stop Never Stopping', ""Chip 'n Dale: Rescue Rangers""]"
Akiva Schaffer,Jorma Taccone,"['Hot Rod', 'Popstar: Never Stop Never Stopping', 'Popstar: Never Stop Never Stopping']"
Albert Hughes,Allen Hughes,"['The Book of Eli', 'Dead Presidents', 'From Hell', 'Menace II Society']"
Alex Kendrick,Alex Kendrick,"['Overcomer', 'Facing the Giants', 'Courageous']"
Alexandre Bustillo,Julien Maury,"[""À l'intérieur"", 'Leatherface', 'The Deep House']"
Alfred Hitchcock,Cary Grant,"['North by Northwest', 'Notorious', 'To Catch a Thief', 'Suspicion']"
Alfred Hitchcock,Grace Kelly,"['Rear Window', 'Dial M for Murder', 'To Catch a Thief']"
Alfred Hitchcock,James Stewart,"['Vertigo', 'Rear Window', 'Rope', 'The Man Who Knew Too Much']"
Andrew Erwin,Jon Erwin,"['I Can Only Imagine', 'American Underdog', 'I Still Believe', ""Moms' Night Out""]"
Andrew V. McLaglen,John Wayne,"['McLintock!', 'The Undefeated', 'Chisum', 'Cahill U.S. Marshal']"
Anna Boden,Ryan Fleck,"['Captain Marvel', ""It's Kind of a Funny Story"", 'Freaky Tales']"
Anthony Russo,Chris Evans,"['Avengers: Endgame', 'Avengers: Infinity War', 'Captain America: Civil War', 'Captain America: The Winter Soldier']"
Anthony Russo,Joe Russo,"['Avengers: Endgame', 'Avengers: Infinity War', 'Captain America: Civil War', 'Captain America: The Winter Soldier', 'The Electric State', 'Cherry']"
Anthony Russo,Robert Downey Jr.,"['Avengers: Endgame', 'Avengers: Infinity War', 'Captain America: Civil War']"
Antoine Fuqua,Denzel Washington,"['The Equalizer 3', 'The Equalizer', 'The Magnificent Seven', 'The Equalizer 2', 'Training Day']"
Antoine Fuqua,Ethan Hawke,"['The Magnificent Seven', 'Training Day', ""Brooklyn's Finest""]"
Barbara Bialowas,Anna-Maria Sieklucka,"['365 dni', 'The Next 365 Days', '365 Days: This Day']"
Barbara Bialowas,Michele Morrone,"['365 dni', 'The Next 365 Days', '365 Days: This Day']"
Barbara Bialowas,Tomasz Mandes,"['365 dni', 'The Next 365 Days', '365 Days: This Day']"
Barbra Streisand,Barbra Streisand,"['The Prince of Tides', 'Yentl', 'The Mirror Has Two Faces']"
Barry Levinson,Dustin Hoffman,"['Rain Man', 'Sphere', 'Wag the Dog']"
Barry Levinson,Robert De Niro,"['Sleepers', 'Alto Knights', 'Wag the Dog']"
Barry Levinson,Robin Williams,"['Good Morning, Vietnam', 'Man of the Year', 'Toys']"
Barry Sonnenfeld,Tommy Lee Jones,"['Men in Black', 'Men in Black II', 'Men in Black³']"
Barry Sonnenfeld,Will Smith,"['Men in Black', 'Men in Black II', 'Men in Black³', 'Wild Wild West']"
Ben Affleck,Ben Affleck,"['The Town', 'Air', 'Argo', 'Live by Night']"
Ben Falcone,Melissa McCarthy,"['Life of the Party', 'Thunder Force', 'The Boss', 'Tammy']"
Ben Stiller,Ben Stiller,"['Tropic Thunder', 'The Secret Life of Walter Mitty', 'Zoolander', 'Zoolander 2']"
Benny Safdie,Josh Safdie,"['Uncut Gems', 'Good Time', 'Heaven Knows What']"
Billy Wilder,Jack Lemmon,"['Some Like It Hot', 'The Apartment', 'Irma la Douce']"
Billy Wilder,William Holden,"['Sunset Blvd.', 'Sabrina', 'Stalag 17']"
Blake Edwards,Herbert Lom,"['The Return of the Pink Panther', 'A Shot in the Dark', 'The Pink Panther Strikes Again']"
Blake Edwards,Peter Sellers,"['The Pink Panther', 'The Party', 'The Return of the Pink Panther', 'A Shot in the Dark', 'The Pink Panther Strikes Again']"
Bobby Farrelly,Peter Farrelly,"[""There's Something About Mary"", 'The Heartbreak Kid', 'Kingpin', 'Shallow Hal', 'Me, Myself & Irene', 'The Three Stooges', 'Hall Pass', 'Osmosis Jones', 'Dumb and Dumber To', 'Fever Pitch', 'Stuck on You']"
Bong Joon Ho,Song Kang-ho,"['Gisaengchung', 'Salinui chueok', 'Gwoemul']"
Brad Peyton,Dwayne Johnson,"['Rampage', 'San Andreas', 'Journey 2: The Mysterious Island']"
Brett Ratner,Chris Tucker,"['Rush Hour', 'Rush Hour 2', 'Rush Hour 3', 'Money Talks']"
Brett Ratner,Jackie Chan,"['Rush Hour', 'Rush Hour 2', 'Rush Hour 3']"
Bryan Singer,Hugh Jackman,"['X-Men', 'X-Men: Days of Future Past', 'X2']"
Bryan Singer,Ian McKellen,"['X-Men', 'X-Men: Days of Future Past', 'X2', 'Apt Pupil']"
Bryan Singer,Patrick Stewart,"['X-Men', 'X-Men: Days of Future Past', 'X2']"
Carl Reiner,Steve Martin,"[""Dead Men Don't Wear Plaid"", 'The Jerk', 'The Man with Two Brains', 'All of Me']"
Castille Landon,Hero Fiennes Tiffin,"['After Everything', 'After We Fell', 'After Ever Happy']"
Castille Landon,Josephine Langford,"['After Everything', 'After We Fell', 'After Ever Happy']"
Chad Stahelski,Keanu Reeves,"['John Wick: Chapter 4', 'John Wick', 'John Wick: Chapter 2', 'John Wick: Chapter 3 - Parabellum']"
Charles Chaplin,Charles Chaplin,"['City Lights', 'The Great Dictator', 'Modern Times', 'The Kid']"
Charles Shyer,Diane Keaton,"['Father of the Bride', 'Father of the Bride Part II', 'Baby Boom']"
Christopher McQuarrie,Simon Pegg,"['Mission: Impossible - Dead Reckoning Part One', 'Mission: Impossible - Fallout', 'Mission: Impossible - Rogue Nation']"
Christopher McQuarrie,Tom Cruise,"['Mission: Impossible - Dead Reckoning Part One', 'Jack Reacher', 'Mission: Impossible - Fallout', 'Mission: Impossible - Dead Reckoning Part Two', 'Mission: Impossible - Rogue Nation']"
Christopher Nolan,Christian Bale,"['The Dark Knight', 'The Dark Knight Rises', 'The Prestige', 'Batman Begins']"
Christopher Nolan,Michael Caine,"['The Dark Knight', 'The Prestige', 'Batman Begins']"
Clint Eastwood,Clint Eastwood,"['Unforgiven', 'Space Cowboys', 'Million Dollar Baby', 'The Outlaw Josey Wales', 'Gran Torino', 'High Plains Drifter', 'The Mule', 'A Perfect World', 'Pale Rider', 'Heartbreak Ridge', 'The Bridges of Madison County', 'Cry Macho', 'Sudden Impact', 'Absolute Power', 'True Crime', 'Play Misty for Me', 'The Gauntlet', 'The Eiger Sanction', 'Blood Work', 'The Rookie', 'Firefox']"
Clint Eastwood,Morgan Freeman,"['Unforgiven', 'Million Dollar Baby', 'Invictus']"
Clint Eastwood,Sondra Locke,"['The Outlaw Josey Wales', 'Sudden Impact', 'The Gauntlet']"
Clyde Geronimi,Hamilton Luske,"['One Hundred and One Dalmatians', 'Cinderella', 'Alice in Wonderland', 'Peter Pan', 'Lady and the Tramp']"
Clyde Geronimi,Wilfred Jackson,"['Cinderella', 'Alice in Wonderland', 'Peter Pan', 'Lady and the Tramp']"
Colson Baker,Mod Sun,"['Good Mourning', 'Good Mourning', 'Downfalls High']"
Damien Leone,David Howard Thornton,"['Terrifier 2', 'Terrifier', 'Terrifier 3']"
Danny Boyle,Ewan McGregor,"['Trainspotting', 'Shallow Grave', 'T2 Trainspotting']"
Danny DeVito,Danny DeVito,"['Matilda', 'Death to Smoochy', 'The War of the Roses', 'Throw Momma from the Train']"
Dario Argento,Daria Nicolodi,"['Phenomena', 'Profondo rosso', 'Tenebre', 'Inferno', 'Opera']"
David Ayer,Michael Peña,"['Fury', 'End of Watch', ""Levon's Trade""]"
David Cronenberg,Viggo Mortensen,"['Eastern Promises', 'Crimes of the Future', 'A History of Violence', 'A Dangerous Method']"
David Fincher,Brad Pitt,"['Fight Club', 'Se7en', 'The Curious Case of Benjamin Button']"
David Gordon Green,Andi Matichak,"['Halloween Ends', 'Halloween', 'Halloween Kills']"
David Gordon Green,James Jude Courtney,"['Halloween Ends', 'Halloween', 'Halloween Kills']"
David Gordon Green,Jamie Lee Curtis,"['Halloween Ends', 'Halloween', 'Halloween Kills']"
David Lynch,Laura Dern,"['Blue Velvet', 'Wild at Heart', 'Inland Empire']"
David O. Russell,Bradley Cooper,"['Silver Linings Playbook', 'Joy', 'American Hustle']"
David O. Russell,Christian Bale,"['Amsterdam', 'American Hustle', 'The Fighter']"
David O. Russell,Jennifer Lawrence,"['Silver Linings Playbook', 'Joy', 'American Hustle']"
David O. Russell,Mark Wahlberg,"['The Fighter', 'Three Kings', 'I Heart Huckabees']"
David Pastor,Àlex Pastor,"['Bird Box: Barcelona', 'Carriers', 'Hogar']"
David Twohy,Vin Diesel,"['The Chronicles of Riddick', 'Riddick', 'Pitch Black', 'Riddick: Furya']"
David Wain,Paul Rudd,"['Wanderlust', 'Role Models', 'They Came Together']"
David Yates,Dan Fogler,"['Fantastic Beasts: The Secrets of Dumbledore', 'Fantastic Beasts and Where to Find Them', 'Fantastic Beasts: The Crimes of Grindelwald']"
David Yates,Daniel Radcliffe,"['Harry Potter and the Deathly Hallows - Part 2', 'Harry Potter and the Deathly Hallows - Part 1', 'Harry Potter and the Half-Blood Prince', 'Harry Potter and the Order of the Phoenix']"
David Yates,Eddie Redmayne,"['Fantastic Beasts: The Secrets of Dumbledore', 'Fantastic Beasts and Where to Find Them', 'Fantastic Beasts: The Crimes of Grindelwald']"
David Yates,Emma Watson,"['Harry Potter and the Deathly Hallows - Part 2', 'Harry Potter and the Deathly Hallows - Part 1', 'Harry Potter and the Half-Blood Prince', 'Harry Potter and the Order of the Phoenix']"
David Yates,Rupert Grint,"['Harry Potter and the Deathly Hallows - Part 2', 'Harry Potter and the Deathly Hallows - Part 1', 'Harry Potter and the Half-Blood Prince', 'Harry Potter and the Order of the Phoenix']"
Dean DeBlois,Chris Sanders,"['How to Train Your Dragon', 'Lilo & Stitch', 'Lilo & Stitch']"
Dean DeBlois,Jay Baruchel,"['How to Train Your Dragon', 'How to Train Your Dragon: The Hidden World', 'How to Train Your Dragon 2']"
Denis Villeneuve,Timothée Chalamet,"['Dune: Part Two', 'Dune', 'Dune: Messiah']"
Denis Villeneuve,Zendaya,"['Dune: Part Two', 'Dune', 'Dune: Messiah']"
Dennis Dugan,Adam Sandler,"['Happy Gilmore', 'Grown Ups', 'Grown Ups 2', 'Just Go with It', 'Big Daddy', ""You Don't Mess with the Zohan"", 'I Now Pronounce You Chuck & Larry', 'Jack and Jill']"
Dennis Dugan,Kevin James,"['Grown Ups', 'Grown Ups 2', 'I Now Pronounce You Chuck & Larry']"
Denzel Washington,Denzel Washington,"['Fences', 'The Great Debaters', 'Antwone Fisher']"
Destin Daniel Cretton,Brie Larson,"['The Glass Castle', 'Just Mercy', 'Short Term 12']"
Don Bluth,Dom DeLuise,"['All Dogs Go to Heaven', 'The Secret of NIMH', 'An American Tail']"
Don Bluth,Gary Goldman,"['Anastasia', 'All Dogs Go to Heaven', 'Thumbelina', 'Titan A.E.', 'Rock-A-Doodle']"
Don Siegel,Clint Eastwood,"['Dirty Harry', 'Dirty Harry', 'Escape from Alcatraz', 'Two Mules for Sister Sara', 'The Beguiled', ""Coogan's Bluff""]"
Doug Liman,Tom Cruise,"['Edge of Tomorrow', 'American Made', 'Live Die Repeat and Repeat', 'Untitled Tom Cruise/SpaceX Project']"
Edgar Wright,Nick Frost,"['Hot Fuzz', 'Shaun of the Dead', ""The World's End""]"
Edgar Wright,Simon Pegg,"['Hot Fuzz', 'Shaun of the Dead', ""The World's End""]"
Edward Zwick,Denzel Washington,"['Glory', 'The Siege', 'Courage Under Fire']"
Emilio Estevez,Emilio Estevez,"['The Way', 'Men at Work', 'Young Guns 3: Alias Billy the Kid']"
Eric Darnell,Ben Stiller,"['Madagascar', 'Madagascar: Escape 2 Africa', ""Madagascar 3: Europe's Most Wanted""]"
Eric Darnell,Chris Rock,"['Madagascar', 'Madagascar: Escape 2 Africa', ""Madagascar 3: Europe's Most Wanted""]"
Eric Darnell,David Schwimmer,"['Madagascar', 'Madagascar: Escape 2 Africa', ""Madagascar 3: Europe's Most Wanted""]"
Eric Darnell,Jada Pinkett Smith,"['Madagascar', 'Madagascar: Escape 2 Africa', ""Madagascar 3: Europe's Most Wanted""]"
Eric Darnell,Tom McGrath,"['Madagascar', 'Madagascar: Escape 2 Africa', ""Madagascar 3: Europe's Most Wanted"", 'Penguins of Madagascar']"
Ethan Coen,Joel Coen,"['No Country for Old Men', 'True Grit', 'The Ballad of Buster Scruggs', 'Burn After Reading', 'A Serious Man', 'Inside Llewyn Davis', 'Hail, Caesar!', 'The Ladykillers']"
Ethan Coen,Josh Brolin,"['No Country for Old Men', 'True Grit', 'Hail, Caesar!']"
Evan Goldberg,Seth Rogen,"['This Is the End', 'This Is the End', 'The Interview', 'The Interview', 'The Studio', 'The Studio']"
Francis Ford Coppola,Al Pacino,"['The Godfather', 'The Godfather Part II', 'The Godfather Part III']"
Francis Ford Coppola,Diane Keaton,"['The Godfather', 'The Godfather Part II', 'The Godfather Part III']"
Francis Ford Coppola,Diane Lane,"['Rumble Fish', 'Jack', 'The Cotton Club']"
Francis Ford Coppola,Frederic Forrest,"['Apocalypse Now', 'The Conversation', 'One from the Heart', 'Tucker: The Man and His Dream']"
Francis Ford Coppola,Robert Duvall,"['Apocalypse Now', 'The Godfather Part II', 'The Rain People']"
Francis Lawrence,Jennifer Lawrence,"['The Hunger Games: Catching Fire', 'The Hunger Games: Mockingjay - Part 2', 'Red Sparrow', 'The Hunger Games: Mockingjay - Part 1']"
Francis Lawrence,Josh Hutcherson,"['The Hunger Games: Catching Fire', 'The Hunger Games: Mockingjay - Part 2', 'The Hunger Games: Mockingjay - Part 1']"
Francis Lawrence,Liam Hemsworth,"['The Hunger Games: Catching Fire', 'The Hunger Games: Mockingjay - Part 2', 'The Hunger Games: Mockingjay - Part 1']"
Frank Coraci,Adam Sandler,"['Blended', 'Click', 'The Waterboy', 'The Wedding Singer', 'The Ridiculous 6']"
François Simard,Anouk Whissell,"['Summer of 84', 'Turbo Kid', 'Wake Up']"
François Simard,Yoann-Karl Whissell,"['Summer of 84', 'Turbo Kid', 'Wake Up']"
Garry Marshall,Anne Hathaway,"['The Princess Diaries', 'The Princess Diaries 2: Royal Engagement', ""Valentine's Day""]"
Garry Marshall,Hector Elizondo,"['The Princess Diaries', 'The Princess Diaries 2: Royal Engagement', 'Runaway Bride', 'Frankie and Johnny']"
Garry Marshall,Julia Roberts,"['Pretty Woman', ""Mother's Day"", ""Valentine's Day"", 'Runaway Bride']"
Gary Trousdale,Kirk Wise,"['Beauty and the Beast', 'Atlantis: The Lost Empire', 'The Hunchback of Notre Dame']"
Gavin O'Connor,Ben Affleck,"['The Accountant', 'The Way Back', 'Untitled Accountant Sequel']"
Genndy Tartakovsky,Adam Sandler,"['Hotel Transylvania', 'Hotel Transylvania 2', 'Hotel Transylvania 3: Summer Vacation']"
Genndy Tartakovsky,Andy Samberg,"['Hotel Transylvania', 'Hotel Transylvania 2', 'Hotel Transylvania 3: Summer Vacation']"
Genndy Tartakovsky,Kevin James,"['Hotel Transylvania', 'Hotel Transylvania 2', 'Hotel Transylvania 3: Summer Vacation']"
Genndy Tartakovsky,Selena Gomez,"['Hotel Transylvania', 'Hotel Transylvania 2', 'Hotel Transylvania 3: Summer Vacation']"
George Clooney,George Clooney,"['The Ides of March', 'The Monuments Men', 'The Midnight Sky', 'Confessions of a Dangerous Mind', 'Good Night, and Good Luck.']"
George Lucas,Ewan McGregor,"['Star Wars: Episode I - The Phantom Menace', 'Star Wars: Episode II - Attack of the Clones', 'Star Wars: Episode III - Revenge of the Sith']"
George Lucas,Natalie Portman,"['Star Wars: Episode I - The Phantom Menace', 'Star Wars: Episode II - Attack of the Clones', 'Star Wars: Episode III - Revenge of the Sith']"
George Miller,Mel Gibson,"['Mad Max', 'Mad Max 2', 'Mad Max Beyond Thunderdome']"
George Roy Hill,Paul Newman,"['The Sting', 'Butch Cassidy and the Sundance Kid', 'Slap Shot']"
Glenn Ficarra,John Requa,"['Crazy, Stupid, Love.', 'Focus', 'Whiskey Tango Foxtrot', 'I Love You Phillip Morris']"
Gore Verbinski,Johnny Depp,"['Pirates of the Caribbean: The Curse of the Black Pearl', ""Pirates of the Caribbean: Dead Man's Chest"", ""Pirates of the Caribbean: At World's End"", 'Rango', 'The Lone Ranger']"
Gore Verbinski,Keira Knightley,"['Pirates of the Caribbean: The Curse of the Black Pearl', ""Pirates of the Caribbean: Dead Man's Chest"", ""Pirates of the Caribbean: At World's End""]"
Gore Verbinski,Orlando Bloom,"['Pirates of the Caribbean: The Curse of the Black Pearl', ""Pirates of the Caribbean: Dead Man's Chest"", ""Pirates of the Caribbean: At World's End""]"
Guillermo del Toro,Doug Jones,"['Hellboy', 'The Shape of Water', 'Hellboy II: The Golden Army']"
Guillermo del Toro,Ron Perlman,"['Hellboy', 'Hellboy II: The Golden Army', 'Blade II', 'Cronos']"
Guy Ritchie,Eiza González,"['The Ministry of Ungentlemanly Warfare', 'In the Grey', 'Fountain of Youth']"
Guy Ritchie,Henry Cavill,"['The Ministry of Ungentlemanly Warfare', 'The Man from U.N.C.L.E.', 'In the Grey']"
Guy Ritchie,Jason Statham,"['Snatch', 'Wrath of Man', 'Operation Fortune: Ruse de Guerre', 'Lock, Stock and Two Smoking Barrels', 'Revolver']"
Guy Ritchie,Jude Law,"['Sherlock Holmes', 'King Arthur: Legend of the Sword', 'Sherlock Holmes: A Game of Shadows']"
Hal Needham,Burt Reynolds,"['Smokey and the Bandit', 'The Cannonball Run', 'Hooper', 'Smokey and the Bandit II', 'Cannonball Run II']"
Hal Needham,Dom DeLuise,"['The Cannonball Run', 'Smokey and the Bandit II', 'Cannonball Run II']"
Henry Hathaway,John Wayne,"['True Grit', 'The Sons of Katie Elder', 'North to Alaska']"
Henry Joost,Ariel Schulman,"['Nerve', 'Project Power', 'Viral', 'Secret Headquarters', 'Paranormal Activity 4']"
Howard Hawks,John Wayne,"['Rio Bravo', 'El Dorado', 'Rio Lobo', 'Hatari!', 'Red River']"
Howard Hawks,Walter Brennan,"['Red River', 'To Have and Have Not', 'Sergeant York']"
Ingmar Bergman,Gunnar Björnstrand,"['Det sjunde inseglet', 'Persona', 'Smultronstället']"
Ivan Reitman,Arnold Schwarzenegger,"['Kindergarten Cop', 'Twins', 'Junior']"
Ivan Reitman,Bill Murray,"['Ghostbusters', 'Ghostbusters II', 'Meatballs', 'Stripes']"
Ivan Reitman,Frank Langella,"['Draft Day', 'Dave', 'Junior']"
Ivan Reitman,Harold Ramis,"['Ghostbusters', 'Ghostbusters II', 'Stripes']"
Ivan Reitman,Sigourney Weaver,"['Ghostbusters', 'Ghostbusters II', 'Dave']"
J. Lee Thompson,Gregory Peck,"['The Guns of Navarone', 'Cape Fear', ""Mackenna's Gold""]"
Jack Hill,Pam Grier,"['Foxy Brown', 'Coffy', 'The Big Doll House', 'The Big Bird Cage']"
Jake Kasdan,Dwayne Johnson,"['Jumanji: Welcome to the Jungle', 'Jumanji: The Next Level', 'Red One', 'Untitled Jumanji: The Next Level sequel']"
Jake Kasdan,Jack Black,"['Jumanji: Welcome to the Jungle', 'Jumanji: The Next Level', 'Orange County', 'Untitled Jumanji: The Next Level sequel']"
Jake Kasdan,Karen Gillan,"['Jumanji: Welcome to the Jungle', 'Jumanji: The Next Level', 'Untitled Jumanji: The Next Level sequel']"
James Cameron,Arnold Schwarzenegger,"['The Terminator', 'Terminator 2: Judgment Day', 'True Lies']"
James Cameron,Michael Biehn,"['Aliens', 'The Terminator', 'The Abyss']"
James Cameron,Sigourney Weaver,"['Aliens', 'Avatar: The Way of Water', 'Avatar', 'Avatar 3']"
James Cameron,Zoe Saldana,"['Avatar: The Way of Water', 'Avatar', 'Avatar 3']"
James Franco,James Franco,"['The Disaster Artist', 'The Long Home', 'In Dubious Battle']"
James Gray,Joaquin Phoenix,"['We Own the Night', 'Two Lovers', 'The Immigrant']"
James Gunn,Chris Pratt,"['Guardians of the Galaxy Vol. 3', 'Guardians of the Galaxy', 'Guardians of the Galaxy Vol. 2']"
James L. Brooks,Jack Nicholson,"['Terms of Endearment', 'As Good as It Gets', 'How Do You Know']"
James Mangold,Hugh Jackman,"['Logan', 'The Wolverine', 'Kate & Leopold']"
James Wan,Patrick Wilson,"['Aquaman and the Lost Kingdom', 'The Conjuring', 'Insidious', 'Aquaman', 'The Conjuring 2', 'Insidious: Chapter 2']"
Jason Friedberg,Aaron Seltzer,"['Epic Movie', 'Disaster Movie', 'Meet the Spartans', 'Vampires Suck', 'The Starving Games', 'Superfast!']"
Jaume Collet-Serra,Liam Neeson,"['Non-Stop', 'The Commuter', 'Unknown', 'Run All Night']"
Jay Chandrasekhar,Jay Chandrasekhar,"['Super Troopers', 'Beerfest', 'Club Dread', 'Super Troopers 2']"
Jay Chandrasekhar,Kevin Heffernan,"['Super Troopers', 'Beerfest', 'Club Dread', 'Super Troopers 2']"
Jay Roach,Michael York,"['Austin Powers: International Man of Mystery', 'Austin Powers: The Spy Who Shagged Me', 'Austin Powers in Goldmember']"
Jay Roach,Mike Myers,"['Austin Powers: International Man of Mystery', 'Austin Powers: The Spy Who Shagged Me', 'Austin Powers in Goldmember']"
Jeff Baena,Alison Brie,"['Spin Me Round', 'The Little Hours', 'Horse Girl']"
Jeff Fowler,Ben Schwartz,"['Sonic the Hedgehog 3', 'Sonic the Hedgehog 2', 'Sonic the Hedgehog']"
Jeff Nichols,Michael Shannon,"['The Bikeriders', 'Take Shelter', 'Midnight Special']"
Jeff Tremaine,Johnny Knoxville,"['Jackass Forever', 'Bad Grandpa', 'Jackass: The Movie']"
Jeff Wamester,Jensen Ackles,"['Justice League: Crisis on Infinite Earths - Part Two', 'Justice League: Crisis on Infinite Earths - Part One', 'Justice League: Crisis on Infinite Earths - Part Three', 'Justice League: Warworld', 'Legion of Super-Heroes']"
Jeff Wamester,Meg Donnelly,"['Justice League: Crisis on Infinite Earths - Part Two', 'Justice League: Crisis on Infinite Earths - Part One', 'Legion of Super-Heroes']"
Jen Soska,Sylvia Soska,"['American Mary', 'Rabid', 'Festival of the Living Dead']"
Jesse V. Johnson,Scott Adkins,"['Avengement', 'Accident Man', 'Triple Threat']"
Jim Abrahams,David Zucker,"['Airplane!', 'Top Secret!', 'Ruthless People']"
Jim Abrahams,Jerry Zucker,"['Airplane!', 'Top Secret!', 'Ruthless People']"
Jim Abrahams,Lloyd Bridges,"['Hot Shots!', 'Hot Shots! Part Deux', ""Jane Austen's Mafia!""]"
Jim Jarmusch,Bill Murray,"[""The Dead Don't Die"", 'Broken Flowers', 'Coffee and Cigarettes']"
Jim Jarmusch,Tom Waits,"[""The Dead Don't Die"", 'Coffee and Cigarettes', 'Down by Law']"
Jimmy Chin,Elizabeth Chai Vasarhelyi,"['Nyad', 'Free Solo', 'The Rescue']"
Joachim Rønning,Espen Sandberg,"['Pirates of the Caribbean: Dead Men Tell No Tales', 'Kon-Tiki', 'Bandidas']"
Joe Carnahan,Frank Grillo,"['Boss Level', 'Copshop', 'The Grey']"
Joe Wright,Keira Knightley,"['Pride & Prejudice', 'Atonement', 'Anna Karenina']"
Joel Coen,Ethan Coen,"['The Big Lebowski', 'Fargo', 'O Brother, Where Art Thou?', 'Raising Arizona', 'Blood Simple', ""Miller's Crossing"", 'Barton Fink', 'The Hudsucker Proxy', 'Intolerable Cruelty']"
Joel Coen,Frances McDormand,"['Fargo', 'The Tragedy of Macbeth', 'Blood Simple', ""The Man Who Wasn't There""]"
Joel Coen,John Goodman,"['The Big Lebowski', 'O Brother, Where Art Thou?', 'Raising Arizona', 'Barton Fink']"
Joel Coen,John Turturro,"['O Brother, Where Art Thou?', ""Miller's Crossing"", 'Barton Fink']"
John Carpenter,Donald Pleasence,"['Halloween', 'Escape from New York', 'Prince of Darkness']"
John Carpenter,Kurt Russell,"['The Thing', 'Big Trouble in Little China', 'Escape from New York', 'Escape from L.A.']"
John Ford,Henry Fonda,"['Mister Roberts', 'My Darling Clementine', 'How the West Was Won', 'The Grapes of Wrath']"
John Ford,John Wayne,"['The Searchers', 'The Quiet Man', 'How the West Was Won', 'Stagecoach', 'The Man Who Shot Liberty Valance', 'Rio Grande', 'The Horse Soldiers', ""Donovan's Reef"", 'She Wore a Yellow Ribbon', '3 Godfathers']"
John Ford,Maureen O'Hara,"['The Quiet Man', 'Rio Grande', 'How Green Was My Valley']"
John Ford,Ward Bond,"['The Searchers', 'The Quiet Man', '3 Godfathers']"
John Francis Daley,Jonathan Goldstein,"['Dungeons & Dragons: Honor Among Thieves', 'Vacation', 'Game Night', 'Mayday']"
John G. Avildsen,Pat Morita,"['The Karate Kid', 'The Karate Kid Part II', 'The Karate Kid Part III']"
John G. Avildsen,Ralph Macchio,"['The Karate Kid', 'The Karate Kid Part II', 'The Karate Kid Part III']"
John Glen,Roger Moore,"['A View to a Kill', 'For Your Eyes Only', 'Octopussy']"
John Huston,Humphrey Bogart,"['The Maltese Falcon', 'The Treasure of the Sierra Madre', 'The African Queen', 'Key Largo']"
John Krasinski,John Krasinski,"['IF', 'A Quiet Place', 'A Quiet Place Part II']"
John Landis,Dan Aykroyd,"['Trading Places', 'The Blues Brothers', 'Spies Like Us', 'Blues Brothers 2000']"
John Landis,Eddie Murphy,"['Trading Places', 'Coming to America', 'Beverly Hills Cop III']"
John Madden,Tom Wilkinson,"['Shakespeare in Love', 'The Best Exotic Marigold Hotel', 'The Debt']"
John Singleton,Tyrese Gibson,"['2 Fast 2 Furious', 'Four Brothers', 'Baby Boy']"
John Waters,Divine,"['Pink Flamingos', 'Hairspray', 'Female Trouble']"
John Woo,Chow Yun-Fat,"['Lat sau san taam', 'Ying hung boon sik', 'Dip huet seung hung']"
Joko Anwar,Tara Basro,"['Impetigore', ""Satan's Slaves"", 'Pengabdi Setan 2: Communion']"
Jon Favreau,Robert Downey Jr.,"['Iron Man', 'Iron Man 2', 'Chef']"
Jon Lucas,Scott Moore,"['Bad Moms', 'A Bad Moms Christmas', '21 & Over', 'Jexi']"
Jon Turteltaub,Nicolas Cage,"['National Treasure', ""The Sorcerer's Apprentice"", 'National Treasure: Book of Secrets']"
Jon Watts,Tom Holland,"['Spider-Man: No Way Home', 'Spider-Man: Homecoming', 'Spider-Man: Far from Home']"
Jonathan Dayton,Valerie Faris,"['Little Miss Sunshine', 'Ruby Sparks', 'Battle of the Sexes']"
Jonathan Levine,Seth Rogen,"['Long Shot', '50/50', 'The Night Before']"
Joseph Kosinski,Miles Teller,"['Top Gun: Maverick', 'Only the Brave', 'Spiderhead']"
Josh Gordon,Will Speck,"['Blades of Glory', 'Lyle, Lyle, Crocodile', 'The Switch', 'Office Christmas Party']"
Judd Apatow,Leslie Mann,"['Knocked Up', 'This Is 40', 'Funny People']"
Judd Apatow,Paul Rudd,"['The 40 Year Old Virgin', 'Knocked Up', 'This Is 40']"
Justin Benson,Aaron Moorhead,"['The Endless', 'The Endless', 'Synchronic', 'Spring', 'Something in the Dirt', 'Something in the Dirt']"
Justin Lin,Jordana Brewster,"['F9', 'Fast & Furious', 'Fast Five']"
Justin Lin,Michelle Rodriguez,"['F9', 'Fast & Furious', 'Furious 6']"
Justin Lin,Paul Walker,"['Fast & Furious', 'Fast Five', 'Furious 6']"
Justin Lin,Vin Diesel,"['F9', 'Fast & Furious', 'Fast Five', 'Furious 6']"
Kar-Wai Wong,Tony Leung Chiu-wai,"['Fa yeung nin wah', 'Chung Hing sam lam', 'Chun gwong ja sit', '2046', 'Yi dai zong shi']"
Keenen Ivory Wayans,Marlon Wayans,"['White Chicks', 'Scary Movie', 'Scary Movie 2', 'Little Man']"
Ken Russell,Oliver Reed,"['The Devils', 'Tommy', 'Women in Love']"
Kenneth Branagh,Kenneth Branagh,"['A Haunting in Venice', 'Death on the Nile', 'Murder on the Orient Express', 'Henry V', 'Much Ado About Nothing', 'Hamlet', ""Mary Shelley's Frankenstein"", 'Jack Ryan: Shadow Recruit', 'Dead Again']"
Kevin Connor,Doug McClure,"['The Land That Time Forgot', 'The People That Time Forgot', ""At the Earth's Core""]"
Kevin Costner,Kevin Costner,"['Horizon: An American Saga - Chapter 1', 'Dances with Wolves', 'Open Range', 'The Postman', 'Horizon: An American Saga - Chapter 2']"
Kevin Greutert,Tobin Bell,"['Saw X', 'Saw 3D', 'Saw VI']"
Kevin Reynolds,Kevin Costner,"['Robin Hood: Prince of Thieves', 'Waterworld', 'Fandango']"
Kevin Smith,Ben Affleck,"['Dogma', 'Chasing Amy', 'Jersey Girl', 'Jay and Silent Bob Reboot']"
Kevin Smith,Brian O'Halloran,"['Clerks', 'Clerks III', 'Clerks II']"
Kevin Smith,Jeff Anderson,"['Clerks', 'Clerks III', 'Clerks II']"
Kyle Balda,Pierre Coffin,"['Despicable Me 3', 'Minions: The Rise of Gru', 'Minions', 'Minions']"
Lana Wachowski,Carrie-Anne Moss,"['The Matrix', 'The Matrix Resurrections', 'The Matrix Reloaded', 'The Matrix Revolutions']"
Lana Wachowski,Hugo Weaving,"['The Matrix', 'The Matrix Reloaded', 'The Matrix Revolutions']"
Lana Wachowski,Keanu Reeves,"['The Matrix', 'The Matrix Resurrections', 'The Matrix Reloaded', 'The Matrix Revolutions']"
Lana Wachowski,Laurence Fishburne,"['The Matrix', 'The Matrix Reloaded', 'The Matrix Revolutions']"
Lana Wachowski,Lilly Wachowski,"['The Matrix', 'The Matrix Reloaded', 'Bound', 'The Matrix Revolutions', 'Jupiter Ascending', 'Speed Racer']"
Larry Charles,Sacha Baron Cohen,"['The Dictator', 'Borat: Cultural Learnings of America for Make Benefit Glorious Nation of Kazakhstan', 'Brüno']"
Lars von Trier,Charlotte Gainsbourg,"['Nymphomaniac: Vol. I', 'Antichrist', 'Melancholia', 'Nymphomaniac: Vol. II']"
Lars von Trier,Stellan Skarsgård,"['Nymphomaniac: Vol. I', 'Nymphomaniac: Vol. II', 'Breaking the Waves']"
Lars von Trier,Willem Dafoe,"['Antichrist', 'Nymphomaniac: Vol. II', 'Manderlay']"
Lawrence Kasdan,Kevin Kline,"['Silverado', 'French Kiss', 'Grand Canyon', 'I Love You to Death']"
Lawrence Kasdan,William Hurt,"['The Big Chill', 'Body Heat', 'I Love You to Death']"
Len Wiseman,Kate Beckinsale,"['Underworld', 'Total Recall', 'Underworld: Evolution']"
Louis Leterrier,Jason Statham,"['Fast X', 'Fast X: Part 2', 'The Transporter', 'Transporter 2']"
Luca Guadagnino,Tilda Swinton,"['Suspiria', 'A Bigger Splash', ""Io sono l'amore""]"
M. Night Shyamalan,Bruce Willis,"['Glass', 'The Sixth Sense', 'Unbreakable']"
Malcolm D. Lee,Tiffany Haddish,"['Girls Trip', 'Night School', 'Girls Trip 2']"
Marc Lawrence,Hugh Grant,"['The Rewrite', 'Two Weeks Notice', 'Music and Lyrics']"
Mark Neveldine,Brian Taylor,"['Crank', 'Crank: High Voltage', 'Ghost Rider: Spirit of Vengeance', 'Gamer']"
Martin McDonagh,Colin Farrell,"['The Banshees of Inisherin', 'In Bruges', 'Seven Psychopaths']"
Martin Scorsese,Harvey Keitel,"['The Irishman', 'The Last Temptation of Christ', 'Mean Streets']"
Martin Scorsese,Joe Pesci,"['Goodfellas', 'Casino', 'The Irishman', 'Raging Bull']"
Martin Scorsese,Leonardo DiCaprio,"['Killers of the Flower Moon', 'The Wolf of Wall Street', 'The Departed', 'Shutter Island', 'Gangs of New York', 'The Aviator', 'The Wager: A Tale of Shipwreck, Mutiny, and Murder', 'Roosevelt']"
Martin Scorsese,Robert De Niro,"['Killers of the Flower Moon', 'Goodfellas', 'Taxi Driver', 'Casino', 'The Irishman', 'Cape Fear', 'Raging Bull', 'The King of Comedy', 'Mean Streets']"
Marçal Forés,Clara Galle,"['A través de mi ventana', 'A través de tu mirada', 'A través del mar']"
Marçal Forés,Julio Peña,"['A través de mi ventana', 'A través de tu mirada', 'A través del mar']"
Marçal Forés,Natalia Azahara,"['A través de mi ventana', 'A través de tu mirada', 'A través del mar']"
Matt Bettinelli-Olpin,Melissa Barrera,"['Abigail', 'Scream VI', 'Scream']"
Matt Bettinelli-Olpin,Tyler Gillett,"['Abigail', 'Scream VI', 'Ready or Not', 'Scream', 'V/H/S', ""Devil's Due""]"
Matt Reeves,Andy Serkis,"['War for the Planet of the Apes', 'Dawn of the Planet of the Apes', 'The Batman Part II']"
Matthew Vaughn,Colin Firth,"['Kingsman: The Secret Service', 'Kingsman: The Golden Circle', 'Kingsman: The Blue Blood']"
Matthew Vaughn,Taron Egerton,"['Kingsman: The Secret Service', 'Kingsman: The Golden Circle', 'Kingsman: The Blue Blood']"
Mel Brooks,Gene Wilder,"['Blazing Saddles', 'Young Frankenstein', 'The Producers']"
Mel Brooks,Madeline Kahn,"['Young Frankenstein', 'History of the World: Part I', 'High Anxiety']"
Mel Brooks,Mel Brooks,"['Spaceballs', 'History of the World: Part I', 'Dracula: Dead and Loving It', 'High Anxiety']"
Michael Bay,Josh Duhamel,"['Transformers', 'Transformers: The Last Knight', 'Transformers: Revenge of the Fallen', 'Transformers: Dark of the Moon']"
Michael Bay,Mark Wahlberg,"['Transformers: The Last Knight', 'Transformers: Age of Extinction', 'Pain & Gain']"
Michael Bay,Shia LaBeouf,"['Transformers', 'Transformers: Revenge of the Fallen', 'Transformers: Dark of the Moon']"
Michael Bay,Tyrese Gibson,"['Transformers', 'Transformers: Revenge of the Fallen', 'Transformers: Dark of the Moon']"
Michael Mann,Jamie Foxx,"['Collateral', 'Miami Vice', 'Ali']"
Michael Powell,Emeric Pressburger,"['A Matter of Life and Death', 'Black Narcissus', 'The Red Shoes']"
Michael Spierig,Peter Spierig,"['Predestination', 'Jigsaw', 'Daybreakers', 'Winchester']"
Michael Tiddes,Marlon Wayans,"['A Haunted House', 'Fifty Shades of Black', 'A Haunted House 2']"
Michael Winner,Charles Bronson,"['Death Wish', 'Death Wish 3', 'Death Wish II', 'The Mechanic']"
Mikael Håfström,Emily Beecham,"['Stockholm Bloodbath', 'Slingshot', 'Outside the Wire']"
Mike Nichols,Jack Nicholson,"['Carnal Knowledge', 'Wolf', 'Heartburn']"
Mike Nichols,Meryl Streep,"['Silkwood', 'Postcards from the Edge', 'Heartburn']"
Neil Jordan,Liam Neeson,"['Marlowe', 'Michael Collins', 'Breakfast on Pluto']"
Neill Blomkamp,Sharlto Copley,"['District 9', 'Elysium', 'Chappie']"
Nicholas Stoller,Rose Byrne,"['Neighbors', 'Get Him to the Greek', 'Neighbors 2: Sorority Rising']"
Noah Baumbach,Adam Driver,"['Marriage Story', 'White Noise', 'Frances Ha', ""While We're Young""]"
Orson Welles,Orson Welles,"['Citizen Kane', 'Touch of Evil', 'The Lady from Shanghai']"
Park Chan-wook,Song Kang-ho,"['Bakjwi', 'Boksuneun naui geot', 'Gongdong gyeongbi guyeok JSA']"
Paul Feig,Melissa McCarthy,"['Ghostbusters', 'Spy', 'The Heat']"
Paul Greengrass,Matt Damon,"['The Bourne Supremacy', 'Jason Bourne', 'The Bourne Ultimatum', 'Green Zone']"
Paul Thomas Anderson,Philip Seymour Hoffman,"['Magnolia', 'The Master', 'Punch-Drunk Love']"
Paul W.S. Anderson,Milla Jovovich,"['Resident Evil', 'The Three Musketeers', 'Monster Hunter', 'Resident Evil: Retribution', 'Resident Evil: The Final Chapter', 'Resident Evil: Afterlife', 'In the Lost Lands']"
Pedro Almodóvar,Antonio Banderas,"['La piel que habito', 'Átame!', 'Dolor y gloria', 'Mujeres al borde de un ataque de ""nervios""']"
Peter Berg,Mark Wahlberg,"['Patriots Day', 'Lone Survivor', 'Deepwater Horizon', 'Spenser Confidential', 'Mile 22']"
Peter Jackson,Elijah Wood,"['The Lord of the Rings: The Fellowship of the Ring', 'The Lord of the Rings: The Return of the King', 'The Lord of the Rings: The Two Towers']"
Peter Jackson,Ian McKellen,"['The Lord of the Rings: The Fellowship of the Ring', 'The Lord of the Rings: The Return of the King', 'The Lord of the Rings: The Two Towers', 'The Hobbit: An Unexpected Journey', 'The Hobbit: The Desolation of Smaug', 'The Hobbit: The Battle of the Five Armies']"
Peter Jackson,Martin Freeman,"['The Hobbit: An Unexpected Journey', 'The Hobbit: The Desolation of Smaug', 'The Hobbit: The Battle of the Five Armies']"
Peter Jackson,Orlando Bloom,"['The Lord of the Rings: The Fellowship of the Ring', 'The Lord of the Rings: The Return of the King', 'The Lord of the Rings: The Two Towers']"
Peter Jackson,Richard Armitage,"['The Hobbit: An Unexpected Journey', 'The Hobbit: The Desolation of Smaug', 'The Hobbit: The Battle of the Five Armies']"
Peter Segal,Adam Sandler,"['50 First Dates', 'The Longest Yard', 'Anger Management']"
Peyton Reed,Evangeline Lilly,"['Ant-Man and the Wasp: Quantumania', 'Ant-Man', 'Ant-Man and the Wasp']"
Peyton Reed,Paul Rudd,"['Ant-Man and the Wasp: Quantumania', 'Ant-Man', 'Ant-Man and the Wasp']"
Phil Lord,Christopher Miller,"['21 Jump Street', 'Project Hail Mary', 'The Lego Movie', '22 Jump Street', 'Cloudy with a Chance of Meatballs']"
Pier Paolo Pasolini,Franco Citti,"['Il Decameron', 'Il fiore delle mille e una notte', 'I racconti di Canterbury']"
Pier Paolo Pasolini,Ninetto Davoli,"['Il Decameron', 'Il fiore delle mille e una notte', 'I racconti di Canterbury']"
Quentin Tarantino,Brad Pitt,"['Once Upon a Time in... Hollywood', 'Inglourious Basterds', 'The Movie Critic']"
Quentin Tarantino,Michael Madsen,"['Kill Bill: Vol. 1', 'Kill Bill: Vol. 2', 'Reservoir Dogs', 'Kill Bill: The Whole Bloody Affair']"
Quentin Tarantino,Samuel L. Jackson,"['Pulp Fiction', 'The Hateful Eight', 'Jackie Brown']"
Quentin Tarantino,Uma Thurman,"['Pulp Fiction', 'Kill Bill: Vol. 1', 'Kill Bill: Vol. 2', 'Kill Bill: The Whole Bloody Affair']"
Rawson Marshall Thurber,Dwayne Johnson,"['Red Notice', 'Central Intelligence', 'Skyscraper', 'Red Notice 2']"
Renny Harlin,Samuel L. Jackson,"['Deep Blue Sea', 'The Long Kiss Goodnight', 'Cleaner']"
Rian Johnson,Daniel Craig,"['Glass Onion', 'Knives Out', 'Knives Out 3']"
Ric Roman Waugh,Gerard Butler,"['Kandahar', 'Greenland', 'Angel Has Fallen', 'Greenland: Migration']"
Richard Donner,Danny Glover,"['Lethal Weapon', 'Lethal Weapon 2', 'Lethal Weapon 3', 'Lethal Weapon 4']"
Richard Donner,Joe Pesci,"['Lethal Weapon 2', 'Lethal Weapon 3', 'Lethal Weapon 4']"
Richard Donner,Mel Gibson,"['Lethal Weapon', 'Maverick', 'Lethal Weapon 2', 'Lethal Weapon 3', 'Conspiracy Theory', 'Lethal Weapon 4']"
Richard Linklater,Ethan Hawke,"['Before Sunrise', 'Before Sunset', 'Boyhood', 'Before Midnight', 'Waking Life']"
Richard Linklater,Julie Delpy,"['Before Sunrise', 'Before Sunset', 'Before Midnight']"
Ridley Scott,Michael Fassbender,"['Prometheus', 'Alien: Covenant', 'The Counselor']"
Ridley Scott,Russell Crowe,"['Gladiator', 'American Gangster', 'Robin Hood', 'Body of Lies', 'A Good Year']"
Ridley Scott,Sigourney Weaver,"['Alien', 'Exodus: Gods and Kings', '1492: Conquest of Paradise']"
Rob Zombie,Bill Moseley,"['House of 1000 Corpses', ""The Devil's Rejects"", '3 from Hell']"
Rob Zombie,Jeff Daniel Phillips,"['3 from Hell', 'The Munsters', '31', 'The Lords of Salem']"
Rob Zombie,Malcolm McDowell,"['Halloween', '31', 'Halloween II']"
Rob Zombie,Sheri Moon Zombie,"['House of 1000 Corpses', ""The Devil's Rejects"", '3 from Hell', 'The Munsters', '31', 'The Lords of Salem', 'Halloween II']"
Rob Zombie,Sid Haig,"['House of 1000 Corpses', ""The Devil's Rejects"", '3 from Hell']"
Robert Altman,Shelley Duvall,"['Popeye', 'Nashville', '3 Women']"
Robert Clouse,Bruce Lee,"['Enter the Dragon', 'Game of Death', 'Game of Death']"
Robert Redford,Robert Redford,"['The Horse Whisperer', 'Lions for Lambs', 'The Company You Keep']"
Robert Rodriguez,Alexa PenaVega,"['Spy Kids', 'Spy Kids 3: Game Over', 'Spy Kids 2: Island of Lost Dreams', 'Machete Kills']"
Robert Rodriguez,Antonio Banderas,"['Spy Kids', 'Desperado', 'Spy Kids 3: Game Over', 'Once Upon a Time in Mexico', 'Spy Kids 2: Island of Lost Dreams']"
Robert Rodriguez,Carla Gugino,"['Spy Kids', 'Spy Kids 3: Game Over', 'Spy Kids 2: Island of Lost Dreams']"
Robert Rodriguez,Daryl Sabara,"['Spy Kids', 'Spy Kids 3: Game Over', 'Spy Kids 2: Island of Lost Dreams']"
Robert Stevenson,David Tomlinson,"['Mary Poppins', 'Bedknobs and Broomsticks', 'The Love Bug']"
Robert Zemeckis,Christopher Lloyd,"['Back to the Future', 'Who Framed Roger Rabbit', 'Back to the Future Part II', 'Back to the Future Part III']"
Robert Zemeckis,Michael J. Fox,"['Back to the Future', 'Back to the Future Part II', 'Back to the Future Part III']"
Robert Zemeckis,Robin Wright,"['Forrest Gump', 'Beowulf', 'Here']"
Robert Zemeckis,Tom Hanks,"['Forrest Gump', 'Cast Away', 'Pinocchio', 'Here', 'The Polar Express']"
Roger Kumble,Dylan Sprouse,"['After We Collided', 'Beautiful Disaster', 'Beautiful Wedding']"
Roman Polanski,Emmanuelle Seigner,"['Bitter Moon', 'The Ninth Gate', 'Frantic', 'La Vénus à la fourrure']"
Ron Clements,John Musker,"['Moana', 'Hercules', 'Aladdin', 'The Princess and the Frog', 'The Little Mermaid', 'Treasure Planet', 'The Great Mouse Detective']"
Ron Howard,Tom Hanks,"['Apollo 13', 'The Da Vinci Code', 'Angels & Demons', 'Splash', 'Inferno']"
Ruben Fleischer,Emma Stone,"['Zombieland', 'Zombieland: Double Tap', 'Gangster Squad']"
Ruben Fleischer,Jesse Eisenberg,"['Zombieland', 'Zombieland: Double Tap', '30 Minutes or Less']"
Ruben Fleischer,Woody Harrelson,"['Zombieland', 'Now You See Me 3', 'Zombieland: Double Tap']"
Ryan Coogler,Michael B. Jordan,"['Black Panther', 'Creed', 'Untitled Ryan Coogler / Michael B. Jordan Film', 'Fruitvale Station']"
Sam Raimi,Bruce Campbell,"['The Evil Dead', 'Army of Darkness', 'Evil Dead II']"
Sam Raimi,James Franco,"['Spider-Man', 'Spider-Man 2', 'Oz the Great and Powerful']"
Sam Raimi,Kirsten Dunst,"['Spider-Man', 'Spider-Man 3', 'Spider-Man 2']"
Sam Raimi,Tobey Maguire,"['Spider-Man', 'Spider-Man 3', 'Spider-Man 2']"
Sanjay Leela Bhansali,Deepika Padukone,"['Bajirao Mastani', 'Padmaavat', 'Goliyon Ki Raasleela Ram-leela']"
Sanjay Leela Bhansali,Ranveer Singh,"['Bajirao Mastani', 'Padmaavat', 'Goliyon Ki Raasleela Ram-leela']"
Scott Derrickson,Ethan Hawke,"['The Black Phone', 'Sinister', 'The Black Phone 2']"
Sean Anders,Mark Wahlberg,"['Instant Family', ""Daddy's Home 2"", ""Daddy's Home""]"
Sean Anders,Will Ferrell,"[""Daddy's Home 2"", ""Daddy's Home"", 'Spirited']"
Sean McNamara,Dennis Quaid,"['Reagan', 'Soul Surfer', 'On a Wing and a Prayer']"
Sergio Leone,Clint Eastwood,"['Il buono, il brutto, il cattivo', 'Per qualche dollaro in più', 'Per un pugno di dollari']"
Seth MacFarlane,Seth MacFarlane,"['Ted', 'Ted 2', 'A Million Ways to Die in the West']"
Shari Springer Berman,Robert Pulcini,"['Things Heard & Seen', 'The Nanny Diaries', 'American Splendor']"
Shawn Levy,Ben Stiller,"['Night at the Museum', 'Night at the Museum: Battle of the Smithsonian', 'Night at the Museum: Secret of the Tomb']"
Shawn Levy,Owen Wilson,"['Night at the Museum: Battle of the Smithsonian', 'The Internship', 'Night at the Museum: Secret of the Tomb']"
Shawn Levy,Ryan Reynolds,"['Deadpool & Wolverine', 'Free Guy', 'The Adam Project']"
Sofia Coppola,Kirsten Dunst,"['The Virgin Suicides', 'Marie Antoinette', 'The Beguiled']"
Spike Lee,Denzel Washington,"['Inside Man', 'He Got Game', 'Malcolm X', 'High and Low']"
Stanley Kramer,Spencer Tracy,"[""It's a Mad, Mad, Mad, Mad World"", 'Judgment at Nuremberg', ""Guess Who's Coming to Dinner"", 'Inherit the Wind']"
Steve McQueen,Michael Fassbender,"['Shame', '12 Years a Slave', 'Hunger']"
Steven Brill,Adam Sandler,"['Mr. Deeds', 'Little Nicky', 'The Do-Over', 'Hubie Halloween', 'Sandy Wexler']"
Steven Soderbergh,Benicio Del Toro,"['Traffic', 'No Sudden Move', 'Che: Part One']"
Steven Soderbergh,Brad Pitt,"[""Ocean's Eleven"", ""Ocean's Twelve"", ""Ocean's Thirteen""]"
Steven Soderbergh,Catherine Zeta-Jones,"['Traffic', ""Ocean's Twelve"", 'Side Effects']"
Steven Soderbergh,Channing Tatum,"['Magic Mike', 'Logan Lucky', ""Magic Mike's Last Dance"", 'Side Effects']"
Steven Soderbergh,George Clooney,"[""Ocean's Eleven"", ""Ocean's Twelve"", 'Out of Sight', ""Ocean's Thirteen"", 'Solaris']"
Steven Soderbergh,Julia Roberts,"[""Ocean's Eleven"", 'Erin Brockovich', ""Ocean's Twelve""]"
Steven Soderbergh,Matt Damon,"[""Ocean's Eleven"", 'Contagion', ""Ocean's Thirteen"", 'Behind the Candelabra', 'The Informant!']"
Steven Spielberg,Harrison Ford,"['Raiders of the Lost Ark', 'Indiana Jones and the Last Crusade', 'Indiana Jones and the Temple of Doom', 'Indiana Jones and the Kingdom of the Crystal Skull']"
Steven Spielberg,Richard Dreyfuss,"['Jaws', 'Close Encounters of the Third Kind', 'Always']"
Steven Spielberg,Tom Hanks,"['Saving Private Ryan', 'Catch Me If You Can', 'The Terminal', 'Bridge of Spies', 'The Post']"
Sydney Pollack,Robert Redford,"['Out of Africa', 'Three Days of the Condor', 'Jeremiah Johnson', 'The Way We Were']"
Sylvester Stallone,Burt Young,"['Rocky IV', 'Rocky III', 'Rocky Balboa', 'Rocky II']"
Sylvester Stallone,Carl Weathers,"['Rocky IV', 'Rocky III', 'Rocky II']"
Sylvester Stallone,Sylvester Stallone,"['Rocky IV', 'The Expendables', 'Rambo', 'Rocky III', 'Rocky Balboa', 'Rocky II']"
Sylvester Stallone,Talia Shire,"['Rocky IV', 'Rocky III', 'Rocky II']"
Terence Young,Sean Connery,"['Dr. No', 'From Russia with Love', 'Thunderball']"
Thomas Vinterberg,Thomas Bo Larsen,"['Jagten', 'Druk', 'Festen']"
Ti West,Mia Goth,"['X', 'Pearl', 'MaXXXine']"
Tim Burton,Eva Green,"[""Miss Peregrine's Home for Peculiar Children"", 'Dark Shadows', 'Dumbo']"
Tim Burton,Helena Bonham Carter,"['Planet of the Apes', 'Charlie and the Chocolate Factory', 'Alice in Wonderland', 'Sweeney Todd: The Demon Barber of Fleet Street', 'Dark Shadows', 'Corpse Bride']"
Tim Burton,Johnny Depp,"['Charlie and the Chocolate Factory', 'Alice in Wonderland', 'Edward Scissorhands', 'Sweeney Todd: The Demon Barber of Fleet Street', 'Sleepy Hollow', 'Dark Shadows', 'Corpse Bride', 'Ed Wood']"
Tim Burton,Michael Keaton,"['Beetlejuice Beetlejuice', 'Beetlejuice', 'Batman', 'Batman Returns', 'Dumbo']"
Tim Burton,Winona Ryder,"['Beetlejuice Beetlejuice', 'Edward Scissorhands', 'Frankenweenie']"
Tim Story,Ice Cube,"['Ride Along', 'Ride Along 2', 'Barbershop']"
Tim Story,Kevin Hart,"['Ride Along', 'Think Like a Man', 'Ride Along 2', 'Think Like a Man Too']"
Tinto Brass,Franco Branciaroli,"['Così fan tutte', 'La chiave', ""Senso '45""]"
Tinto Brass,Max Parodi,"['Tra(sgre)dire', 'Monamour', 'Monella']"
Tinto Brass,Teresa Ann Savoy,"['Caligola', 'Salon Kitty', 'Caligula: The Ultimate Cut']"
Todd Haynes,Julianne Moore,"['May December', 'Far from Heaven', 'Safe']"
Todd Phillips,Bradley Cooper,"['The Hangover', 'The Hangover Part II', 'The Hangover Part III']"
Todd Phillips,Ed Helms,"['The Hangover', 'The Hangover Part II', 'The Hangover Part III']"
Todd Phillips,Justin Bartha,"['The Hangover', 'The Hangover Part II', 'The Hangover Part III']"
Todd Phillips,Zach Galifianakis,"['The Hangover', 'The Hangover Part II', 'The Hangover Part III', 'Due Date']"
Tom Shadyac,Jim Carrey,"['Liar Liar', 'Ace Ventura: Pet Detective', 'Bruce Almighty']"
Tony Scott,Denzel Washington,"['Man on Fire', 'Deja Vu', 'Unstoppable', 'Crimson Tide', 'The Taking of Pelham 123']"
Tony Scott,Val Kilmer,"['Top Gun', 'True Romance', 'Deja Vu']"
Trey Parker,Trey Parker,"['Team America: World Police', 'Orgazmo', 'South Park: Bigger, Longer & Uncut']"
Tyler Perry,Tyler Perry,"[""Madea's Family Reunion"", 'Why Did I Get Married?', 'Madea Goes to Jail', 'A Madea Family Funeral', 'A Madea Homecoming']"
Vince Marcello,Jacob Elordi,"['The Kissing Booth', 'The Kissing Booth 3', 'The Kissing Booth 2']"
Vince Marcello,Joel Courtney,"['The Kissing Booth', 'The Kissing Booth 3', 'The Kissing Booth 2']"
Vince Marcello,Joey King,"['The Kissing Booth', 'The Kissing Booth 3', 'The Kissing Booth 2']"
Walter Hill,Nick Nolte,"['48 Hrs.', 'Extreme Prejudice', 'Another 48 Hrs.']"
Warren Beatty,Warren Beatty,"['Dick Tracy', 'Heaven Can Wait', 'Reds']"
Werner Herzog,Klaus Kinski,"['Nosferatu - Phantom der Nacht', 'Aguirre, der Zorn Gottes', 'Fitzcarraldo']"
Wes Anderson,Adrien Brody,"['The Grand Budapest Hotel', 'The French Dispatch of the Liberty, Kansas Evening Sun', 'The Darjeeling Limited']"
Wes Anderson,Bill Murray,"['Fantastic Mr. Fox', 'Moonrise Kingdom', 'Rushmore', 'The Life Aquatic with Steve Zissou', 'The Phoenician Scheme']"
Wes Anderson,Jason Schwartzman,"['Asteroid City', 'Fantastic Mr. Fox', 'Rushmore', 'The Darjeeling Limited']"
Wes Anderson,Owen Wilson,"['The Life Aquatic with Steve Zissou', 'The Darjeeling Limited', 'Bottle Rocket']"
Wes Ball,Dylan O'Brien,"['The Maze Runner', 'Maze Runner: The Death Cure', 'Maze Runner: The Scorch Trials']"
Wes Ball,Kaya Scodelario,"['The Maze Runner', 'Maze Runner: The Death Cure', 'Maze Runner: The Scorch Trials']"
Wes Ball,Thomas Brodie-Sangster,"['The Maze Runner', 'Maze Runner: The Death Cure', 'Maze Runner: The Scorch Trials', 'Mouse Guard']"
Wes Craven,Courteney Cox,"['Scream', 'Scream 4', 'Scream 2', 'Scream 3']"
Wes Craven,David Arquette,"['Scream', 'Scream 4', 'Scream 2', 'Scream 3']"
Wes Craven,Heather Langenkamp,"['A Nightmare on Elm Street', ""Wes Craven's New Nightmare"", 'Shocker']"
Wes Craven,Neve Campbell,"['Scream', 'Scream 4', 'Scream 2', 'Scream 3']"
William Wyler,Audrey Hepburn,"['Roman Holiday', ""The Children's Hour"", 'How to Steal a Million']"
Wilson Yip,Donnie Yen,"['Ip Man', 'Yip Man 4', 'Yip Man 2']"
Wolfgang Reitherman,Phil Harris,"['The Jungle Book', 'Robin Hood', 'The AristoCats']"
Woody Allen,Scarlett Johansson,"['Vicky Cristina Barcelona', 'Match Point', 'Scoop']"
Woody Allen,Woody Allen,"['Annie Hall', 'Manhattan', 'Everyone Says I Love You', 'Mighty Aphrodite', 'Deconstructing Harry', 'Crimes and Misdemeanors']"
Yorgos Lanthimos,Emma Stone,"['Poor Things', 'Kinds of Kindness', 'The Favourite']"
Zack Snyder,Amy Adams,"['Man of Steel', ""Zack Snyder's Justice League"", 'Batman v Superman: Dawn of Justice']"
Zack Snyder,Ben Affleck,"[""Zack Snyder's Justice League"", 'Batman v Superman: Dawn of Justice', 'Justice League']"
Zack Snyder,Henry Cavill,"['Man of Steel', ""Zack Snyder's Justice League"", 'Batman v Superman: Dawn of Justice']"
